USE cms_transport_db_v1;




-- =========================================================
-- TRANSPORT MANAGEMENT SYSTEM - STARTUP DATA SQL
-- MySQL / Spring Boot data.sql
-- =========================================================

SET FOREIGN_KEY_CHECKS = 0;

-- ---------------------------------------------------------
-- OPTIONAL CLEANUP (UNCOMMENT IF YOU WANT FRESH RE-INSERT)
-- ---------------------------------------------------------
-- DELETE FROM route_stop;
-- DELETE FROM driver;
-- DELETE FROM person;
-- DELETE FROM contact;
-- DELETE FROM address;
-- DELETE FROM bus;
-- DELETE FROM route;

SET FOREIGN_KEY_CHECKS = 1;

START TRANSACTION;

-- =========================================================
-- ROUTES
-- =========================================================
INSERT INTO route
(created_at, destination, distance_km, route_code, route_name, source, status, updated_at)
VALUES
(NOW(), 'DINDIGUL RM COLONY', 38, 'CEDSOTRAN-1',  'CCET TO DINDIGUL RM COLONY', 'CCET', 'ACTIVE', NOW()),
(NOW(), 'ELLUGAMVALASU',      49, 'CEDSOTRAN-2',  'CCET TO ELLUGAMVALASU',      'CCET', 'ACTIVE', NOW()),
(NOW(), 'THADICOMBU',         36, 'CEDSOTRAN-3',  'CPT TO THADICOMBU',          'CPT',  'ACTIVE', NOW()),
(NOW(), 'CHINNALAPATTY',      45, 'CEDSOTRAN-4',  'CPT TO CHINNALAPATTY',       'CPT',  'ACTIVE', NOW()),
(NOW(), 'REDIAPATTY',         46, 'CEDSOTRAN-5',  'CCET TO REDIAPATTY',         'CCET', 'ACTIVE', NOW()),
(NOW(), 'DINDIGUL CSI CHURCH',36, 'CEDSOTRAN-6',  'CCET TO DINDIGUL CSI CHURCH','CCET', 'ACTIVE', NOW()),
(NOW(), 'VEDASANDUR',         26, 'CEDSOTRAN-7',  'CPT TO VEDASANDUR',          'CPT',  'ACTIVE', NOW()),
(NOW(), 'BALASAMUTHIRAM',     34, 'CEDSOTRAN-8',  'CPT TO BALASAMUTHIRAM',      'CPT',  'ACTIVE', NOW()),
(NOW(), 'PAPPAMPATTY',        44, 'CEDSOTRAN-9',  'CCET TO PAPPAMPATTY',        'CCET', 'ACTIVE', NOW()),
(NOW(), 'PALANI BUS STAND',   30, 'CEDSOTRAN-10', 'CCET TO PALANI BUS STAND',   'CCET', 'ACTIVE', NOW()),
(NOW(), 'DHARUMATHUPATTY',    24, 'CEDSOTRAN-11', 'CPT TO DHARUMATHUPATTY',     'CPT',  'ACTIVE', NOW()),
(NOW(), 'RJMCC',              11, 'CEDSOTRAN-12', 'CCET TO RJMCC',              'CCET', 'ACTIVE', NOW());

-- =========================================================
-- ROUTE STOPS
-- =========================================================

-- ROUTE 1
INSERT INTO route_stop
(created_at, distance_from_source, latitude, longitude, status, stop_code, stop_name, stop_order, updated_at, route_id)
SELECT NOW(),0,0,0,'ACTIVE','CEDSOTRAN-1_ATTHIKOMBAI','ATTHIKOMBAI',1,NOW(),route_id FROM route WHERE route_code='CEDSOTRAN-1'
UNION ALL SELECT NOW(),0,0,0,'ACTIVE','CEDSOTRAN-1_LAKAYAN_KOTTAI','LAKAYAN KOTTAI',2,NOW(),route_id FROM route WHERE route_code='CEDSOTRAN-1'
UNION ALL SELECT NOW(),0,0,0,'ACTIVE','CEDSOTRAN-1_PUDUCHATRAM','PUDUCHATRAM',3,NOW(),route_id FROM route WHERE route_code='CEDSOTRAN-1'
UNION ALL SELECT NOW(),0,0,0,'ACTIVE','CEDSOTRAN-1_SEMMADAIPATTY','SEMMADAIPATTY',4,NOW(),route_id FROM route WHERE route_code='CEDSOTRAN-1'
UNION ALL SELECT NOW(),0,0,0,'ACTIVE','CEDSOTRAN-1_PALAKANUTHU','PALAKANUTHU',5,NOW(),route_id FROM route WHERE route_code='CEDSOTRAN-1'
UNION ALL SELECT NOW(),0,0,0,'ACTIVE','CEDSOTRAN-1_NARIPATTI','NARIPATTI',6,NOW(),route_id FROM route WHERE route_code='CEDSOTRAN-1'
UNION ALL SELECT NOW(),0,0,0,'ACTIVE','CEDSOTRAN-1_SAKTHI_COLLEGE','SAKTHI COLLEGE',7,NOW(),route_id FROM route WHERE route_code='CEDSOTRAN-1'
UNION ALL SELECT NOW(),0,0,0,'ACTIVE','CEDSOTRAN-1_KAMATCHIPURAM','KAMATCHIPURAM',8,NOW(),route_id FROM route WHERE route_code='CEDSOTRAN-1'
UNION ALL SELECT NOW(),0,0,0,'ACTIVE','CEDSOTRAN-1_KOTTAIYUR','KOTTAIYUR',9,NOW(),route_id FROM route WHERE route_code='CEDSOTRAN-1'
UNION ALL SELECT NOW(),0,0,0,'ACTIVE','CEDSOTRAN-1_EALLAPATTI','EALLAPATTI',10,NOW(),route_id FROM route WHERE route_code='CEDSOTRAN-1'
UNION ALL SELECT NOW(),0,0,0,'ACTIVE','CEDSOTRAN-1_REDDIYARCHATRAM','REDDIYARCHATRAM',11,NOW(),route_id FROM route WHERE route_code='CEDSOTRAN-1'
UNION ALL SELECT NOW(),0,0,0,'ACTIVE','CEDSOTRAN-1_PERUMAL_KOYIL','PERUMAL KOYIL',12,NOW(),route_id FROM route WHERE route_code='CEDSOTRAN-1'
UNION ALL SELECT NOW(),0,0,0,'ACTIVE','CEDSOTRAN-1_ANNA_UNIVERSITY_MANGARAI','ANNA UNIVERSITY(MANGARAI)',13,NOW(),route_id FROM route WHERE route_code='CEDSOTRAN-1'
UNION ALL SELECT NOW(),0,0,0,'ACTIVE','CEDSOTRAN-1_MUTHANAMPATTY','MUTHANAMPATTY',14,NOW(),route_id FROM route WHERE route_code='CEDSOTRAN-1'
UNION ALL SELECT NOW(),0,0,0,'ACTIVE','CEDSOTRAN-1_IADAYAPATTI','IADAYAPATTI',15,NOW(),route_id FROM route WHERE route_code='CEDSOTRAN-1'
UNION ALL SELECT NOW(),0,0,0,'ACTIVE','CEDSOTRAN-1_SSM_COLLEGE','SSM COLLEGE',16,NOW(),route_id FROM route WHERE route_code='CEDSOTRAN-1'
UNION ALL SELECT NOW(),0,0,0,'ACTIVE','CEDSOTRAN-1_PALARAJAKAPATTI','PALARAJAKAPATTI',17,NOW(),route_id FROM route WHERE route_code='CEDSOTRAN-1'
UNION ALL SELECT NOW(),0,0,0,'ACTIVE','CEDSOTRAN-1_RAMAYAMPATTI','RAMAYAMPATTI',18,NOW(),route_id FROM route WHERE route_code='CEDSOTRAN-1'
UNION ALL SELECT NOW(),0,0,0,'ACTIVE','CEDSOTRAN-1_RMTC_DEPOT_PARAIPATTI','RMTC, DEPOT (PARAIPATTI)',19,NOW(),route_id FROM route WHERE route_code='CEDSOTRAN-1'
UNION ALL SELECT NOW(),0,0,0,'ACTIVE','CEDSOTRAN-1_PALANI_BYE_PASS','PALANI, BYE PASS',20,NOW(),route_id FROM route WHERE route_code='CEDSOTRAN-1'
UNION ALL SELECT NOW(),0,0,0,'ACTIVE','CEDSOTRAN-1_MURUGABAVANAM','MURUGABAVANAM',21,NOW(),route_id FROM route WHERE route_code='CEDSOTRAN-1'
UNION ALL SELECT NOW(),0,0,0,'ACTIVE','CEDSOTRAN-1_AYYANKULAM','AYYANKULAM',22,NOW(),route_id FROM route WHERE route_code='CEDSOTRAN-1'
UNION ALL SELECT NOW(),0,0,0,'ACTIVE','CEDSOTRAN-1_SAKTHI_TAKKISI_VANIVILAS','SAKTHI TAKKISI(VANIVILAS)',23,NOW(),route_id FROM route WHERE route_code='CEDSOTRAN-1'
UNION ALL SELECT NOW(),0,0,0,'ACTIVE','CEDSOTRAN-1_JAGANATHU_HOSPITAL','JAGANATHU HOSPITAL',24,NOW(),route_id FROM route WHERE route_code='CEDSOTRAN-1'
UNION ALL SELECT NOW(),0,0,0,'ACTIVE','CEDSOTRAN-1_SONA_TOWER','SONA TOWER',25,NOW(),route_id FROM route WHERE route_code='CEDSOTRAN-1'
UNION ALL SELECT NOW(),0,0,0,'ACTIVE','CEDSOTRAN-1_G_H_29_DGL_BUS_STAND','G H 29 DGL BUS STAND',26,NOW(),route_id FROM route WHERE route_code='CEDSOTRAN-1'
UNION ALL SELECT NOW(),0,0,0,'ACTIVE','CEDSOTRAN-1_DINDIGUL_BYPASS','DINDIGUL BYPASS',27,NOW(),route_id FROM route WHERE route_code='CEDSOTRAN-1'
UNION ALL SELECT NOW(),0,0,0,'ACTIVE','CEDSOTRAN-1_PONRAM_FOOD_SQUARE','PONRAM FOOD SQUARE',28,NOW(),route_id FROM route WHERE route_code='CEDSOTRAN-1'
UNION ALL SELECT NOW(),0,0,0,'ACTIVE','CEDSOTRAN-1_N_S_NAGAR','N.S.NAGAR',29,NOW(),route_id FROM route WHERE route_code='CEDSOTRAN-1'
UNION ALL SELECT NOW(),0,0,0,'ACTIVE','CEDSOTRAN-1_SEELAPADI','SEELAPADI',30,NOW(),route_id FROM route WHERE route_code='CEDSOTRAN-1'
UNION ALL SELECT NOW(),0,0,0,'ACTIVE','CEDSOTRAN-1_ULAVARSANTHAI','ULAVARSANTHAI',31,NOW(),route_id FROM route WHERE route_code='CEDSOTRAN-1'
UNION ALL SELECT NOW(),0,0,0,'ACTIVE','CEDSOTRAN-1_AMMA_MESS','AMMA MESS',32,NOW(),route_id FROM route WHERE route_code='CEDSOTRAN-1'
UNION ALL SELECT NOW(),0,0,0,'ACTIVE','CEDSOTRAN-1_DINDIGUL_RM_COLONY','DINDIGUL RM COLONY',33,NOW(),route_id FROM route WHERE route_code='CEDSOTRAN-1';

-- ROUTE 2
INSERT INTO route_stop
(created_at, distance_from_source, latitude, longitude, status, stop_code, stop_name, stop_order, updated_at, route_id)
SELECT NOW(),0,0,0,'ACTIVE','CEDSOTRAN-2_NAVAKANI','NAVAKANI',1,NOW(),route_id FROM route WHERE route_code='CEDSOTRAN-2'
UNION ALL SELECT NOW(),0,0,0,'ACTIVE','CEDSOTRAN-2_R_PUDHUR_PALAM','R. PUDHUR (PALAM)',2,NOW(),route_id FROM route WHERE route_code='CEDSOTRAN-2'
UNION ALL SELECT NOW(),0,0,0,'ACTIVE','CEDSOTRAN-2_ROTTU_PUDHUR','ROTTU PUDHUR',3,NOW(),route_id FROM route WHERE route_code='CEDSOTRAN-2'
UNION ALL SELECT NOW(),0,0,0,'ACTIVE','CEDSOTRAN-2_ROTTU_PUDHUR_PIRIVU','ROTTU PUDHUR(PIRIVU)',4,NOW(),route_id FROM route WHERE route_code='CEDSOTRAN-2'
UNION ALL SELECT NOW(),0,0,0,'ACTIVE','CEDSOTRAN-2_CHINNA_MANDAVADI','CHINNA MANDAVADI',5,NOW(),route_id FROM route WHERE route_code='CEDSOTRAN-2'
UNION ALL SELECT NOW(),0,0,0,'ACTIVE','CEDSOTRAN-2_PERUMALKOUNDAN_VALASU','PERUMALKOUNDAN VALASU',6,NOW(),route_id FROM route WHERE route_code='CEDSOTRAN-2'
UNION ALL SELECT NOW(),0,0,0,'ACTIVE','CEDSOTRAN-2_KIRANURU','KIRANURU',7,NOW(),route_id FROM route WHERE route_code='CEDSOTRAN-2'
UNION ALL SELECT NOW(),0,0,0,'ACTIVE','CEDSOTRAN-2_KALLIMANTHAIYAM','KALLIMANTHAIYAM',8,NOW(),route_id FROM route WHERE route_code='CEDSOTRAN-2'
UNION ALL SELECT NOW(),0,0,0,'ACTIVE','CEDSOTRAN-2_PORULUR_PIRIVU','PORULUR(PIRIVU)',9,NOW(),route_id FROM route WHERE route_code='CEDSOTRAN-2'
UNION ALL SELECT NOW(),0,0,0,'ACTIVE','CEDSOTRAN-2_THUMMICIPALAYAM','THUMMICIPALAYAM',10,NOW(),route_id FROM route WHERE route_code='CEDSOTRAN-2'
UNION ALL SELECT NOW(),0,0,0,'ACTIVE','CEDSOTRAN-2_VEPPAMARATHU_ODAI','VEPPAMARATHU ODAI',11,NOW(),route_id FROM route WHERE route_code='CEDSOTRAN-2'
UNION ALL SELECT NOW(),0,0,0,'ACTIVE','CEDSOTRAN-2_PERUMALKOVIL_VALASU','PERUMALKOVIL VALASU',12,NOW(),route_id FROM route WHERE route_code='CEDSOTRAN-2'
UNION ALL SELECT NOW(),0,0,0,'ACTIVE','CEDSOTRAN-2_A_NALL_ROAD','A.NALL ROAD',13,NOW(),route_id FROM route WHERE route_code='CEDSOTRAN-2'
UNION ALL SELECT NOW(),0,0,0,'ACTIVE','CEDSOTRAN-2_NADUVALASU','NADUVALASU',14,NOW(),route_id FROM route WHERE route_code='CEDSOTRAN-2'
UNION ALL SELECT NOW(),0,0,0,'ACTIVE','CEDSOTRAN-2_SALAKADAI','SALAKADAI',15,NOW(),route_id FROM route WHERE route_code='CEDSOTRAN-2'
UNION ALL SELECT NOW(),0,0,0,'ACTIVE','CEDSOTRAN-2_ELLUGAMVALASU','ELLUGAMVALASU',16,NOW(),route_id FROM route WHERE route_code='CEDSOTRAN-2';

-- ROUTE 3
INSERT INTO route_stop
(created_at, distance_from_source, latitude, longitude, status, stop_code, stop_name, stop_order, updated_at, route_id)
SELECT NOW(),0,0,0,'ACTIVE','CEDSOTRAN-3_ODC_BUS_STAND','ODC BUS STAND',1,NOW(),route_id FROM route WHERE route_code='CEDSOTRAN-3'
UNION ALL SELECT NOW(),0,0,0,'ACTIVE','CEDSOTRAN-3_CSI_CHURCH','CSI CHURCH',2,NOW(),route_id FROM route WHERE route_code='CEDSOTRAN-3'
UNION ALL SELECT NOW(),0,0,0,'ACTIVE','CEDSOTRAN-3_E_B_OFFICE','E.B OFFICE',3,NOW(),route_id FROM route WHERE route_code='CEDSOTRAN-3'
UNION ALL SELECT NOW(),0,0,0,'ACTIVE','CEDSOTRAN-3_GOVERNMENT_HOSPITAL','GOVERNMENT HOSPITAL',4,NOW(),route_id FROM route WHERE route_code='CEDSOTRAN-3'
UNION ALL SELECT NOW(),0,0,0,'ACTIVE','CEDSOTRAN-3_MEMBALAM_KURUNJI_NAGAR','MEMBALAM(KURUNJI NAGAR)',5,NOW(),route_id FROM route WHERE route_code='CEDSOTRAN-3'
UNION ALL SELECT NOW(),0,0,0,'ACTIVE','CEDSOTRAN-3_THANGACHIYAMMAPATTY','THANGACHIYAMMAPATTY',6,NOW(),route_id FROM route WHERE route_code='CEDSOTRAN-3'
UNION ALL SELECT NOW(),0,0,0,'ACTIVE','CEDSOTRAN-3_KOSAVAPATTY','KOSAVAPATTY',7,NOW(),route_id FROM route WHERE route_code='CEDSOTRAN-3'
UNION ALL SELECT NOW(),0,0,0,'ACTIVE','CEDSOTRAN-3_AMBILIKKAI','AMBILIKKAI',8,NOW(),route_id FROM route WHERE route_code='CEDSOTRAN-3'
UNION ALL SELECT NOW(),0,0,0,'ACTIVE','CEDSOTRAN-3_NAVAKANI_PIRIVU','NAVAKANI(PIRIVU)',9,NOW(),route_id FROM route WHERE route_code='CEDSOTRAN-3'
UNION ALL SELECT NOW(),0,0,0,'ACTIVE','CEDSOTRAN-3_HOSPITAL_CORNER','HOSPITAL(CORNER)',10,NOW(),route_id FROM route WHERE route_code='CEDSOTRAN-3'
UNION ALL SELECT NOW(),0,0,0,'ACTIVE','CEDSOTRAN-3_NAVAKANI','NAVAKANI',11,NOW(),route_id FROM route WHERE route_code='CEDSOTRAN-3'
UNION ALL SELECT NOW(),0,0,0,'ACTIVE','CEDSOTRAN-3_R_PUDHUR_PALAM','R. PUDHUR (PALAM)',12,NOW(),route_id FROM route WHERE route_code='CEDSOTRAN-3'
UNION ALL SELECT NOW(),0,0,0,'ACTIVE','CEDSOTRAN-3_ROTTU_PUDHUR','ROTTU PUDHUR',13,NOW(),route_id FROM route WHERE route_code='CEDSOTRAN-3'
UNION ALL SELECT NOW(),0,0,0,'ACTIVE','CEDSOTRAN-3_ROTTU_PUDHUR_PIRIVU','ROTTU PUDHUR(PIRIVU)',14,NOW(),route_id FROM route WHERE route_code='CEDSOTRAN-3'
UNION ALL SELECT NOW(),0,0,0,'ACTIVE','CEDSOTRAN-3_CHINNA_MANDAVADI','CHINNA MANDAVADI',15,NOW(),route_id FROM route WHERE route_code='CEDSOTRAN-3'
UNION ALL SELECT NOW(),0,0,0,'ACTIVE','CEDSOTRAN-3_PERUMALKOUNDAN_VALASU','PERUMALKOUNDAN VALASU',16,NOW(),route_id FROM route WHERE route_code='CEDSOTRAN-3'
UNION ALL SELECT NOW(),0,0,0,'ACTIVE','CEDSOTRAN-3_KIRANURU','KIRANURU',17,NOW(),route_id FROM route WHERE route_code='CEDSOTRAN-3'
UNION ALL SELECT NOW(),0,0,0,'ACTIVE','CEDSOTRAN-3_KALLIMANTHAIYAM','KALLIMANTHAIYAM',18,NOW(),route_id FROM route WHERE route_code='CEDSOTRAN-3'
UNION ALL SELECT NOW(),0,0,0,'ACTIVE','CEDSOTRAN-3_PORULUR_PIRIVU','PORULUR(PIRIVU)',19,NOW(),route_id FROM route WHERE route_code='CEDSOTRAN-3'
UNION ALL SELECT NOW(),0,0,0,'ACTIVE','CEDSOTRAN-3_THUMMICIPALAYAM','THUMMICIPALAYAM',20,NOW(),route_id FROM route WHERE route_code='CEDSOTRAN-3'
UNION ALL SELECT NOW(),0,0,0,'ACTIVE','CEDSOTRAN-3_VEPPAMARATHU_ODAI','VEPPAMARATHU ODAI',21,NOW(),route_id FROM route WHERE route_code='CEDSOTRAN-3'
UNION ALL SELECT NOW(),0,0,0,'ACTIVE','CEDSOTRAN-3_PERUMALKOVIL_VALASU','PERUMALKOVIL VALASU',22,NOW(),route_id FROM route WHERE route_code='CEDSOTRAN-3'
UNION ALL SELECT NOW(),0,0,0,'ACTIVE','CEDSOTRAN-3_A_NALL_ROAD','A.NALL ROAD',23,NOW(),route_id FROM route WHERE route_code='CEDSOTRAN-3'
UNION ALL SELECT NOW(),0,0,0,'ACTIVE','CEDSOTRAN-3_NADUVALASU','NADUVALASU',24,NOW(),route_id FROM route WHERE route_code='CEDSOTRAN-3'
UNION ALL SELECT NOW(),0,0,0,'ACTIVE','CEDSOTRAN-3_SALAKADAI','SALAKADAI',25,NOW(),route_id FROM route WHERE route_code='CEDSOTRAN-3'
UNION ALL SELECT NOW(),0,0,0,'ACTIVE','CEDSOTRAN-3_ELLUGAMVALASU','ELLUGAMVALASU',26,NOW(),route_id FROM route WHERE route_code='CEDSOTRAN-3';

-- ROUTE 4
INSERT INTO route_stop
(created_at, distance_from_source, latitude, longitude, status, stop_code, stop_name, stop_order, updated_at, route_id)
SELECT NOW(),0,0,0,'ACTIVE','CEDSOTRAN-4_ATTIKOMBAI','ATTIKOMBAI',1,NOW(),route_id FROM route WHERE route_code='CEDSOTRAN-4'
UNION ALL SELECT NOW(),0,0,0,'ACTIVE','CEDSOTRAN-4_KAALANJIPATTI','KAALANJIPATTI',2,NOW(),route_id FROM route WHERE route_code='CEDSOTRAN-4'
UNION ALL SELECT NOW(),0,0,0,'ACTIVE','CEDSOTRAN-4_KOTHAIYARUMBU','KOTHAIYARUMBU',3,NOW(),route_id FROM route WHERE route_code='CEDSOTRAN-4'
UNION ALL SELECT NOW(),0,0,0,'ACTIVE','CEDSOTRAN-4_THIPPAMPATTI','THIPPAMPATTI',4,NOW(),route_id FROM route WHERE route_code='CEDSOTRAN-4'
UNION ALL SELECT NOW(),0,0,0,'ACTIVE','CEDSOTRAN-4_KOLLAPATTI','KOLLAPATTI',5,NOW(),route_id FROM route WHERE route_code='CEDSOTRAN-4'
UNION ALL SELECT NOW(),0,0,0,'ACTIVE','CEDSOTRAN-4_SAIBARATH_COLLEGE','SAIBARATH(COLLEGE)',6,NOW(),route_id FROM route WHERE route_code='CEDSOTRAN-4'
UNION ALL SELECT NOW(),0,0,0,'ACTIVE','CEDSOTRAN-4_NAVAMARATHU_PATTI','NAVAMARATHU PATTI',7,NOW(),route_id FROM route WHERE route_code='CEDSOTRAN-4'
UNION ALL SELECT NOW(),0,0,0,'ACTIVE','CEDSOTRAN-4_SULLAEKUMBU','SULLAEKUMBU',8,NOW(),route_id FROM route WHERE route_code='CEDSOTRAN-4'
UNION ALL SELECT NOW(),0,0,0,'ACTIVE','CEDSOTRAN-4_SALAIYUR_NAAL_ROAD','SALAIYUR NAAL ROAD',9,NOW(),route_id FROM route WHERE route_code='CEDSOTRAN-4'
UNION ALL SELECT NOW(),0,0,0,'ACTIVE','CEDSOTRAN-4_SITHAMARA_NAAL_ROAD','SITHAMARA NAAL ROAD',10,NOW(),route_id FROM route WHERE route_code='CEDSOTRAN-4'
UNION ALL SELECT NOW(),0,0,0,'ACTIVE','CEDSOTRAN-4_ANJINEYAR_KOYIL','ANJINEYAR KOYIL',11,NOW(),route_id FROM route WHERE route_code='CEDSOTRAN-4'
UNION ALL SELECT NOW(),0,0,0,'ACTIVE','CEDSOTRAN-4_SENAN_KOTTAI','SENAN KOTTAI',12,NOW(),route_id FROM route WHERE route_code='CEDSOTRAN-4'
UNION ALL SELECT NOW(),0,0,0,'ACTIVE','CEDSOTRAN-4_E_B_OFFICE','E.B OFFICE',13,NOW(),route_id FROM route WHERE route_code='CEDSOTRAN-4'
UNION ALL SELECT NOW(),0,0,0,'ACTIVE','CEDSOTRAN-4_AYYANARKOYIL','AYYANARKOYIL',14,NOW(),route_id FROM route WHERE route_code='CEDSOTRAN-4'
UNION ALL SELECT NOW(),0,0,0,'ACTIVE','CEDSOTRAN-4_ATHUMEDU','ATHUMEDU',15,NOW(),route_id FROM route WHERE route_code='CEDSOTRAN-4'
UNION ALL SELECT NOW(),0,0,0,'ACTIVE','CEDSOTRAN-4_VEDASANDUR','VEDASANDUR',16,NOW(),route_id FROM route WHERE route_code='CEDSOTRAN-4'
UNION ALL SELECT NOW(),0,0,0,'ACTIVE','CEDSOTRAN-4_NAGAMPATTI','NAGAMPATTI',17,NOW(),route_id FROM route WHERE route_code='CEDSOTRAN-4'
UNION ALL SELECT NOW(),0,0,0,'ACTIVE','CEDSOTRAN-4_KAAKATHOPU','KAAKATHOPU',18,NOW(),route_id FROM route WHERE route_code='CEDSOTRAN-4'
UNION ALL SELECT NOW(),0,0,0,'ACTIVE','CEDSOTRAN-4_LATCHUMANAMPATTI','LATCHUMANAMPATTI',19,NOW(),route_id FROM route WHERE route_code='CEDSOTRAN-4'
UNION ALL SELECT NOW(),0,0,0,'ACTIVE','CEDSOTRAN-4_KEERIYAPATTI','KEERIYAPATTI',20,NOW(),route_id FROM route WHERE route_code='CEDSOTRAN-4'
UNION ALL SELECT NOW(),0,0,0,'ACTIVE','CEDSOTRAN-4_VITTALNAYAKKANPATTI','VITTALNAYAKKANPATTI',21,NOW(),route_id FROM route WHERE route_code='CEDSOTRAN-4'
UNION ALL SELECT NOW(),0,0,0,'ACTIVE','CEDSOTRAN-4_THADICOMBU','THADICOMBU',22,NOW(),route_id FROM route WHERE route_code='CEDSOTRAN-4';

-- ROUTE 5
INSERT INTO route_stop
(created_at, distance_from_source, latitude, longitude, status, stop_code, stop_name, stop_order, updated_at, route_id)
SELECT NOW(),0,0,0,'ACTIVE','CEDSOTRAN-5_ATTICOMBAI','ATTICOMBAI',1,NOW(),route_id FROM route WHERE route_code='CEDSOTRAN-5'
UNION ALL SELECT NOW(),0,0,0,'ACTIVE','CEDSOTRAN-5_LAKKAYANKOTTAI','LAKKAYANKOTTAI',2,NOW(),route_id FROM route WHERE route_code='CEDSOTRAN-5'
UNION ALL SELECT NOW(),0,0,0,'ACTIVE','CEDSOTRAN-5_PUDHUCHATRAM','PUDHUCHATRAM',3,NOW(),route_id FROM route WHERE route_code='CEDSOTRAN-5'
UNION ALL SELECT NOW(),0,0,0,'ACTIVE','CEDSOTRAN-5_ETTAMANAYAKKANPATTI','ETTAMANAYAKKANPATTI',4,NOW(),route_id FROM route WHERE route_code='CEDSOTRAN-5'
UNION ALL SELECT NOW(),0,0,0,'ACTIVE','CEDSOTRAN-5_KUMARAPALAYAM','KUMARAPALAYAM',5,NOW(),route_id FROM route WHERE route_code='CEDSOTRAN-5'
UNION ALL SELECT NOW(),0,0,0,'ACTIVE','CEDSOTRAN-5_ERATTAIVENGAMARAM','ERATTAIVENGAMARAM',6,NOW(),route_id FROM route WHERE route_code='CEDSOTRAN-5'
UNION ALL SELECT NOW(),0,0,0,'ACTIVE','CEDSOTRAN-5_THIRUMALARAMAPURAM','THIRUMALARAMAPURAM',7,NOW(),route_id FROM route WHERE route_code='CEDSOTRAN-5'
UNION ALL SELECT NOW(),0,0,0,'ACTIVE','CEDSOTRAN-5_SHRIRAMAPURAM','SHRIRAMAPURAM',8,NOW(),route_id FROM route WHERE route_code='CEDSOTRAN-5'
UNION ALL SELECT NOW(),0,0,0,'ACTIVE','CEDSOTRAN-5_KARIPATTI','KARIPATTI',9,NOW(),route_id FROM route WHERE route_code='CEDSOTRAN-5'
UNION ALL SELECT NOW(),0,0,0,'ACTIVE','CEDSOTRAN-5_VELLAIMARATHUPATTI','VELLAIMARATHUPATTI',10,NOW(),route_id FROM route WHERE route_code='CEDSOTRAN-5'
UNION ALL SELECT NOW(),0,0,0,'ACTIVE','CEDSOTRAN-5_PANNAPATTI','PANNAPATTI',11,NOW(),route_id FROM route WHERE route_code='CEDSOTRAN-5'
UNION ALL SELECT NOW(),0,0,0,'ACTIVE','CEDSOTRAN-5_PUDHUROAD','PUDHUROAD',12,NOW(),route_id FROM route WHERE route_code='CEDSOTRAN-5'
UNION ALL SELECT NOW(),0,0,0,'ACTIVE','CEDSOTRAN-5_AANDAARASANPATTI','AANDAARASANPATTI',13,NOW(),route_id FROM route WHERE route_code='CEDSOTRAN-5'
UNION ALL SELECT NOW(),0,0,0,'ACTIVE','CEDSOTRAN-5_THETHUPATTI','THETHUPATTI',14,NOW(),route_id FROM route WHERE route_code='CEDSOTRAN-5'
UNION ALL SELECT NOW(),0,0,0,'ACTIVE','CEDSOTRAN-5_KANNIVAADI','KANNIVAADI',15,NOW(),route_id FROM route WHERE route_code='CEDSOTRAN-5'
UNION ALL SELECT NOW(),0,0,0,'ACTIVE','CEDSOTRAN-5_VEPPAMARAM','VEPPAMARAM',16,NOW(),route_id FROM route WHERE route_code='CEDSOTRAN-5'
UNION ALL SELECT NOW(),0,0,0,'ACTIVE','CEDSOTRAN-5_AALATTOPUDHUR','AALATTOPUDHUR',17,NOW(),route_id FROM route WHERE route_code='CEDSOTRAN-5'
UNION ALL SELECT NOW(),0,0,0,'ACTIVE','CEDSOTRAN-5_KUYYAVANAYAKKANPATTI','KUYYAVANAYAKKANPATTI',18,NOW(),route_id FROM route WHERE route_code='CEDSOTRAN-5'
UNION ALL SELECT NOW(),0,0,0,'ACTIVE','CEDSOTRAN-5_GOVINDHAPURAM','GOVINDHAPURAM',19,NOW(),route_id FROM route WHERE route_code='CEDSOTRAN-5'
UNION ALL SELECT NOW(),0,0,0,'ACTIVE','CEDSOTRAN-5_KARAMADAI','KARAMADAI',20,NOW(),route_id FROM route WHERE route_code='CEDSOTRAN-5'
UNION ALL SELECT NOW(),0,0,0,'ACTIVE','CEDSOTRAN-5_DHARUMATHUPATTY','DHARUMATHUPATTY',21,NOW(),route_id FROM route WHERE route_code='CEDSOTRAN-5'
UNION ALL SELECT NOW(),0,0,0,'ACTIVE','CEDSOTRAN-5_SURAKKAIPATTI','SURAKKAIPATTI',22,NOW(),route_id FROM route WHERE route_code='CEDSOTRAN-5'
UNION ALL SELECT NOW(),0,0,0,'ACTIVE','CEDSOTRAN-5_RAMANADHAPURAM','RAMANADHAPURAM',23,NOW(),route_id FROM route WHERE route_code='CEDSOTRAN-5'
UNION ALL SELECT NOW(),0,0,0,'ACTIVE','CEDSOTRAN-5_PARAIPATTI','PARAIPATTI',24,NOW(),route_id FROM route WHERE route_code='CEDSOTRAN-5'
UNION ALL SELECT NOW(),0,0,0,'ACTIVE','CEDSOTRAN-5_RVS','RVS',25,NOW(),route_id FROM route WHERE route_code='CEDSOTRAN-5'
UNION ALL SELECT NOW(),0,0,0,'ACTIVE','CEDSOTRAN-5_ATHURPATTI','ATHURPATTI',26,NOW(),route_id FROM route WHERE route_code='CEDSOTRAN-5'
UNION ALL SELECT NOW(),0,0,0,'ACTIVE','CEDSOTRAN-5_KODANGIPATTI','KODANGIPATTI',27,NOW(),route_id FROM route WHERE route_code='CEDSOTRAN-5'
UNION ALL SELECT NOW(),0,0,0,'ACTIVE','CEDSOTRAN-5_SEMPATTI','SEMPATTI',28,NOW(),route_id FROM route WHERE route_code='CEDSOTRAN-5'
UNION ALL SELECT NOW(),0,0,0,'ACTIVE','CEDSOTRAN-5_AADHILAKSHMI','AADHILAKSHMI',29,NOW(),route_id FROM route WHERE route_code='CEDSOTRAN-5'
UNION ALL SELECT NOW(),0,0,0,'ACTIVE','CEDSOTRAN-5_PUDHUKOTTAI_J','PUDHUKOTTAI-J',30,NOW(),route_id FROM route WHERE route_code='CEDSOTRAN-5'
UNION ALL SELECT NOW(),0,0,0,'ACTIVE','CEDSOTRAN-5_ANJUNEYAR_KOYIL','ANJUNEYAR KOYIL',31,NOW(),route_id FROM route WHERE route_code='CEDSOTRAN-5'
UNION ALL SELECT NOW(),0,0,0,'ACTIVE','CEDSOTRAN-5_POONCHOLAI_CHINNALAPATTI','POONCHOLAI-CHINNALAPATTI',32,NOW(),route_id FROM route WHERE route_code='CEDSOTRAN-5'
UNION ALL SELECT NOW(),0,0,0,'ACTIVE','CEDSOTRAN-5_KASTHURI_BHAI_HOSPITAL','KASTHURI BHAI(HOSPITAL)',33,NOW(),route_id FROM route WHERE route_code='CEDSOTRAN-5'
UNION ALL SELECT NOW(),0,0,0,'ACTIVE','CEDSOTRAN-5_GANDHIGRAMAM','GANDHIGRAMAM',34,NOW(),route_id FROM route WHERE route_code='CEDSOTRAN-5'
UNION ALL SELECT NOW(),0,0,0,'ACTIVE','CEDSOTRAN-5_SETTIYAPATTI','SETTIYAPATTI',35,NOW(),route_id FROM route WHERE route_code='CEDSOTRAN-5'
UNION ALL SELECT NOW(),0,0,0,'ACTIVE','CEDSOTRAN-5_KALIKAMPATTI','KALIKAMPATTI',36,NOW(),route_id FROM route WHERE route_code='CEDSOTRAN-5'
UNION ALL SELECT NOW(),0,0,0,'ACTIVE','CEDSOTRAN-5_PERUNDHU_NAGAR','PERUNDHU NAGAR',37,NOW(),route_id FROM route WHERE route_code='CEDSOTRAN-5';

-- ROUTE 6
INSERT INTO route_stop
(created_at, distance_from_source, latitude, longitude, status, stop_code, stop_name, stop_order, updated_at, route_id)
SELECT NOW(),0,0,0,'ACTIVE','CEDSOTRAN-6_ATTHIKOMBAI','ATTHIKOMBAI',1,NOW(),route_id FROM route WHERE route_code='CEDSOTRAN-6'
UNION ALL SELECT NOW(),0,0,0,'ACTIVE','CEDSOTRAN-6_LAKAYAN_KOTTAI','LAKAYAN KOTTAI',2,NOW(),route_id FROM route WHERE route_code='CEDSOTRAN-6'
UNION ALL SELECT NOW(),0,0,0,'ACTIVE','CEDSOTRAN-6_PUDUCHATRAM','PUDUCHATRAM',3,NOW(),route_id FROM route WHERE route_code='CEDSOTRAN-6'
UNION ALL SELECT NOW(),0,0,0,'ACTIVE','CEDSOTRAN-6_SEMMADAIPATTY','SEMMADAIPATTY',4,NOW(),route_id FROM route WHERE route_code='CEDSOTRAN-6'
UNION ALL SELECT NOW(),0,0,0,'ACTIVE','CEDSOTRAN-6_PALAKANUTHU','PALAKANUTHU',5,NOW(),route_id FROM route WHERE route_code='CEDSOTRAN-6'
UNION ALL SELECT NOW(),0,0,0,'ACTIVE','CEDSOTRAN-6_NARIPATTI','NARIPATTI',6,NOW(),route_id FROM route WHERE route_code='CEDSOTRAN-6'
UNION ALL SELECT NOW(),0,0,0,'ACTIVE','CEDSOTRAN-6_SAKTHI_COLLEGE','SAKTHI COLLEGE',7,NOW(),route_id FROM route WHERE route_code='CEDSOTRAN-6'
UNION ALL SELECT NOW(),0,0,0,'ACTIVE','CEDSOTRAN-6_KAMATCHIPURAM','KAMATCHIPURAM',8,NOW(),route_id FROM route WHERE route_code='CEDSOTRAN-6'
UNION ALL SELECT NOW(),0,0,0,'ACTIVE','CEDSOTRAN-6_KOTTAIYUR','KOTTAIYUR',9,NOW(),route_id FROM route WHERE route_code='CEDSOTRAN-6'
UNION ALL SELECT NOW(),0,0,0,'ACTIVE','CEDSOTRAN-6_EALLAPATTI','EALLAPATTI',10,NOW(),route_id FROM route WHERE route_code='CEDSOTRAN-6'
UNION ALL SELECT NOW(),0,0,0,'ACTIVE','CEDSOTRAN-6_REDDIYARCHATRAM','REDDIYARCHATRAM',11,NOW(),route_id FROM route WHERE route_code='CEDSOTRAN-6'
UNION ALL SELECT NOW(),0,0,0,'ACTIVE','CEDSOTRAN-6_PERUMAL_KOYIL','PERUMAL KOYIL',12,NOW(),route_id FROM route WHERE route_code='CEDSOTRAN-6'
UNION ALL SELECT NOW(),0,0,0,'ACTIVE','CEDSOTRAN-6_ANNA_UNIVERSITY_MANGARAI','ANNA UNIVERSITY(MANGARAI)',13,NOW(),route_id FROM route WHERE route_code='CEDSOTRAN-6'
UNION ALL SELECT NOW(),0,0,0,'ACTIVE','CEDSOTRAN-6_MUTHANAMPATTY','MUTHANAMPATTY',14,NOW(),route_id FROM route WHERE route_code='CEDSOTRAN-6'
UNION ALL SELECT NOW(),0,0,0,'ACTIVE','CEDSOTRAN-6_IADAYAPATTI','IADAYAPATTI',15,NOW(),route_id FROM route WHERE route_code='CEDSOTRAN-6'
UNION ALL SELECT NOW(),0,0,0,'ACTIVE','CEDSOTRAN-6_SSM_COLLEGE','SSM COLLEGE',16,NOW(),route_id FROM route WHERE route_code='CEDSOTRAN-6'
UNION ALL SELECT NOW(),0,0,0,'ACTIVE','CEDSOTRAN-6_PALARAJAKAPATTI','PALARAJAKAPATTI',17,NOW(),route_id FROM route WHERE route_code='CEDSOTRAN-6'
UNION ALL SELECT NOW(),0,0,0,'ACTIVE','CEDSOTRAN-6_RAMAYAMPATTI','RAMAYAMPATTI',18,NOW(),route_id FROM route WHERE route_code='CEDSOTRAN-6'
UNION ALL SELECT NOW(),0,0,0,'ACTIVE','CEDSOTRAN-6_RMTC_TEPO_PARAIPATTI','RMTC, TEPO(PARAIPATTI)',19,NOW(),route_id FROM route WHERE route_code='CEDSOTRAN-6'
UNION ALL SELECT NOW(),0,0,0,'ACTIVE','CEDSOTRAN-6_PALANI_BYE_PASS','PALANI, BYE PASS',20,NOW(),route_id FROM route WHERE route_code='CEDSOTRAN-6'
UNION ALL SELECT NOW(),0,0,0,'ACTIVE','CEDSOTRAN-6_MURUGABAVANAM','MURUGABAVANAM',21,NOW(),route_id FROM route WHERE route_code='CEDSOTRAN-6'
UNION ALL SELECT NOW(),0,0,0,'ACTIVE','CEDSOTRAN-6_AYYANKULAM','AYYANKULAM',22,NOW(),route_id FROM route WHERE route_code='CEDSOTRAN-6'
UNION ALL SELECT NOW(),0,0,0,'ACTIVE','CEDSOTRAN-6_SAKTHI_TAKKISI_VANIVILAS','SAKTHI TAKKISI(VANIVILAS)',23,NOW(),route_id FROM route WHERE route_code='CEDSOTRAN-6'
UNION ALL SELECT NOW(),0,0,0,'ACTIVE','CEDSOTRAN-6_JAGANATHU_HOSPITAL','JAGANATHU HOSPITAL',24,NOW(),route_id FROM route WHERE route_code='CEDSOTRAN-6'
UNION ALL SELECT NOW(),0,0,0,'ACTIVE','CEDSOTRAN-6_SONA_TOWER','SONA TOWER',25,NOW(),route_id FROM route WHERE route_code='CEDSOTRAN-6'
UNION ALL SELECT NOW(),0,0,0,'ACTIVE','CEDSOTRAN-6_G_H_29_DGL_BUS_STAND','G H 29 DGL BUS STAND',26,NOW(),route_id FROM route WHERE route_code='CEDSOTRAN-6'
UNION ALL SELECT NOW(),0,0,0,'ACTIVE','CEDSOTRAN-6_PARAIPATTY','PARAIPATTY',27,NOW(),route_id FROM route WHERE route_code='CEDSOTRAN-6'
UNION ALL SELECT NOW(),0,0,0,'ACTIVE','CEDSOTRAN-6_BEGAMPUR','BEGAMPUR',28,NOW(),route_id FROM route WHERE route_code='CEDSOTRAN-6'
UNION ALL SELECT NOW(),0,0,0,'ACTIVE','CEDSOTRAN-6_ANGUVILAS','ANGUVILAS',29,NOW(),route_id FROM route WHERE route_code='CEDSOTRAN-6'
UNION ALL SELECT NOW(),0,0,0,'ACTIVE','CEDSOTRAN-6_NAGAL_NAGAR','NAGAL NAGAR',30,NOW(),route_id FROM route WHERE route_code='CEDSOTRAN-6'
UNION ALL SELECT NOW(),0,0,0,'ACTIVE','CEDSOTRAN-6_RMTC','RMTC',31,NOW(),route_id FROM route WHERE route_code='CEDSOTRAN-6'
UNION ALL SELECT NOW(),0,0,0,'ACTIVE','CEDSOTRAN-6_KULLANAMPATTY','KULLANAMPATTY',32,NOW(),route_id FROM route WHERE route_code='CEDSOTRAN-6'
UNION ALL SELECT NOW(),0,0,0,'ACTIVE','CEDSOTRAN-6_PONNAGARAM','PONNAGARAM',33,NOW(),route_id FROM route WHERE route_code='CEDSOTRAN-6'
UNION ALL SELECT NOW(),0,0,0,'ACTIVE','CEDSOTRAN-6_VALAKKAIPATTY','VALAKKAIPATTY',34,NOW(),route_id FROM route WHERE route_code='CEDSOTRAN-6'
UNION ALL SELECT NOW(),0,0,0,'ACTIVE','CEDSOTRAN-6_REDIYAPATTY','REDIYAPATTY',35,NOW(),route_id FROM route WHERE route_code='CEDSOTRAN-6';

-- ROUTE 7
INSERT INTO route_stop
(created_at, distance_from_source, latitude, longitude, status, stop_code, stop_name, stop_order, updated_at, route_id)
SELECT NOW(),0,0,0,'ACTIVE','CEDSOTRAN-7_ATTHIKOMBAI','ATTHIKOMBAI',1,NOW(),route_id FROM route WHERE route_code='CEDSOTRAN-7'
UNION ALL SELECT NOW(),0,0,0,'ACTIVE','CEDSOTRAN-7_LAKAYAN_KOTTAI','LAKAYAN KOTTAI',2,NOW(),route_id FROM route WHERE route_code='CEDSOTRAN-7'
UNION ALL SELECT NOW(),0,0,0,'ACTIVE','CEDSOTRAN-7_PUDUCHATRAM','PUDUCHATRAM',3,NOW(),route_id FROM route WHERE route_code='CEDSOTRAN-7'
UNION ALL SELECT NOW(),0,0,0,'ACTIVE','CEDSOTRAN-7_SEMMADAIPATTY','SEMMADAIPATTY',4,NOW(),route_id FROM route WHERE route_code='CEDSOTRAN-7'
UNION ALL SELECT NOW(),0,0,0,'ACTIVE','CEDSOTRAN-7_PALAKANUTHU','PALAKANUTHU',5,NOW(),route_id FROM route WHERE route_code='CEDSOTRAN-7'
UNION ALL SELECT NOW(),0,0,0,'ACTIVE','CEDSOTRAN-7_NARIPATTI','NARIPATTI',6,NOW(),route_id FROM route WHERE route_code='CEDSOTRAN-7'
UNION ALL SELECT NOW(),0,0,0,'ACTIVE','CEDSOTRAN-7_SAKTHI_COLLEGE','SAKTHI COLLEGE',7,NOW(),route_id FROM route WHERE route_code='CEDSOTRAN-7'
UNION ALL SELECT NOW(),0,0,0,'ACTIVE','CEDSOTRAN-7_KAMATCHIPURAM','KAMATCHIPURAM',8,NOW(),route_id FROM route WHERE route_code='CEDSOTRAN-7'
UNION ALL SELECT NOW(),0,0,0,'ACTIVE','CEDSOTRAN-7_KOTTAIYUR','KOTTAIYUR',9,NOW(),route_id FROM route WHERE route_code='CEDSOTRAN-7'
UNION ALL SELECT NOW(),0,0,0,'ACTIVE','CEDSOTRAN-7_EALLAPATTI','EALLAPATTI',10,NOW(),route_id FROM route WHERE route_code='CEDSOTRAN-7'
UNION ALL SELECT NOW(),0,0,0,'ACTIVE','CEDSOTRAN-7_REDDIYARCHATRAM','REDDIYARCHATRAM',11,NOW(),route_id FROM route WHERE route_code='CEDSOTRAN-7'
UNION ALL SELECT NOW(),0,0,0,'ACTIVE','CEDSOTRAN-7_PERUMAL_KOYIL','PERUMAL KOYIL',12,NOW(),route_id FROM route WHERE route_code='CEDSOTRAN-7'
UNION ALL SELECT NOW(),0,0,0,'ACTIVE','CEDSOTRAN-7_ANNA_UNIVERSITY_MANGARAI','ANNA UNIVERSITY(MANGARAI)',13,NOW(),route_id FROM route WHERE route_code='CEDSOTRAN-7'
UNION ALL SELECT NOW(),0,0,0,'ACTIVE','CEDSOTRAN-7_MUTHANAMPATTY','MUTHANAMPATTY',14,NOW(),route_id FROM route WHERE route_code='CEDSOTRAN-7'
UNION ALL SELECT NOW(),0,0,0,'ACTIVE','CEDSOTRAN-7_IADAYAPATTI','IADAYAPATTI',15,NOW(),route_id FROM route WHERE route_code='CEDSOTRAN-7'
UNION ALL SELECT NOW(),0,0,0,'ACTIVE','CEDSOTRAN-7_SSM_COLLEGE','SSM COLLEGE',16,NOW(),route_id FROM route WHERE route_code='CEDSOTRAN-7'
UNION ALL SELECT NOW(),0,0,0,'ACTIVE','CEDSOTRAN-7_PALARAJAKAPATTI','PALARAJAKAPATTI',17,NOW(),route_id FROM route WHERE route_code='CEDSOTRAN-7'
UNION ALL SELECT NOW(),0,0,0,'ACTIVE','CEDSOTRAN-7_RAMAYAMPATTI','RAMAYAMPATTI',18,NOW(),route_id FROM route WHERE route_code='CEDSOTRAN-7'
UNION ALL SELECT NOW(),0,0,0,'ACTIVE','CEDSOTRAN-7_RMTC_TEPO_PARAIPATTI','RMTC, TEPO(PARAIPATTI)',19,NOW(),route_id FROM route WHERE route_code='CEDSOTRAN-7'
UNION ALL SELECT NOW(),0,0,0,'ACTIVE','CEDSOTRAN-7_PALANI_BYE_PASS','PALANI, BYE PASS',20,NOW(),route_id FROM route WHERE route_code='CEDSOTRAN-7'
UNION ALL SELECT NOW(),0,0,0,'ACTIVE','CEDSOTRAN-7_MURUGABAVANAM','MURUGABAVANAM',21,NOW(),route_id FROM route WHERE route_code='CEDSOTRAN-7'
UNION ALL SELECT NOW(),0,0,0,'ACTIVE','CEDSOTRAN-7_AYYANKULAM','AYYANKULAM',22,NOW(),route_id FROM route WHERE route_code='CEDSOTRAN-7'
UNION ALL SELECT NOW(),0,0,0,'ACTIVE','CEDSOTRAN-7_SAKTHI_TAKKISI_VANIVILAS','SAKTHI TAKKISI(VANIVILAS)',23,NOW(),route_id FROM route WHERE route_code='CEDSOTRAN-7'
UNION ALL SELECT NOW(),0,0,0,'ACTIVE','CEDSOTRAN-7_JAGANATHU_HOSPITAL','JAGANATHU HOSPITAL',24,NOW(),route_id FROM route WHERE route_code='CEDSOTRAN-7'
UNION ALL SELECT NOW(),0,0,0,'ACTIVE','CEDSOTRAN-7_SONA_TOWER','SONA TOWER',25,NOW(),route_id FROM route WHERE route_code='CEDSOTRAN-7'
UNION ALL SELECT NOW(),0,0,0,'ACTIVE','CEDSOTRAN-7_G_H_29_DGL_BUS_STAND','G H 29 DGL BUS STAND',26,NOW(),route_id FROM route WHERE route_code='CEDSOTRAN-7'
UNION ALL SELECT NOW(),0,0,0,'ACTIVE','CEDSOTRAN-7_METTURAJAKKAPATTY','METTURAJAKKAPATTY',27,NOW(),route_id FROM route WHERE route_code='CEDSOTRAN-7'
UNION ALL SELECT NOW(),0,0,0,'ACTIVE','CEDSOTRAN-7_ROUNDANNA','ROUNDANNA',28,NOW(),route_id FROM route WHERE route_code='CEDSOTRAN-7'
UNION ALL SELECT NOW(),0,0,0,'ACTIVE','CEDSOTRAN-7_UMARAJENDRA_THEATRE','UMARAJENDRA THEATRE',29,NOW(),route_id FROM route WHERE route_code='CEDSOTRAN-7'
UNION ALL SELECT NOW(),0,0,0,'ACTIVE','CEDSOTRAN-7_CSI_CHURCH','CSI CHURCH',30,NOW(),route_id FROM route WHERE route_code='CEDSOTRAN-7';

-- ROUTE 8
INSERT INTO route_stop
(created_at, distance_from_source, latitude, longitude, status, stop_code, stop_name, stop_order, updated_at, route_id)
SELECT NOW(),0,0,0,'ACTIVE','CEDSOTRAN-8_ATTIKOMBAI','ATTIKOMBAI',1,NOW(),route_id FROM route WHERE route_code='CEDSOTRAN-8'
UNION ALL SELECT NOW(),0,0,0,'ACTIVE','CEDSOTRAN-8_KAALANJIPATTI','KAALANJIPATTI',2,NOW(),route_id FROM route WHERE route_code='CEDSOTRAN-8'
UNION ALL SELECT NOW(),0,0,0,'ACTIVE','CEDSOTRAN-8_KOTHAIYARUMBU','KOTHAIYARUMBU',3,NOW(),route_id FROM route WHERE route_code='CEDSOTRAN-8'
UNION ALL SELECT NOW(),0,0,0,'ACTIVE','CEDSOTRAN-8_THIPPAMPATTI','THIPPAMPATTI',4,NOW(),route_id FROM route WHERE route_code='CEDSOTRAN-8'
UNION ALL SELECT NOW(),0,0,0,'ACTIVE','CEDSOTRAN-8_KOLLAPATTI','KOLLAPATTI',5,NOW(),route_id FROM route WHERE route_code='CEDSOTRAN-8'
UNION ALL SELECT NOW(),0,0,0,'ACTIVE','CEDSOTRAN-8_SAIBARATH_COLLEGE','SAIBARATH(COLLEGE)',6,NOW(),route_id FROM route WHERE route_code='CEDSOTRAN-8'
UNION ALL SELECT NOW(),0,0,0,'ACTIVE','CEDSOTRAN-8_NAVAMARATHU_PATTI','NAVAMARATHU PATTI',7,NOW(),route_id FROM route WHERE route_code='CEDSOTRAN-8'
UNION ALL SELECT NOW(),0,0,0,'ACTIVE','CEDSOTRAN-8_SULLAEKUMBU','SULLAEKUMBU',8,NOW(),route_id FROM route WHERE route_code='CEDSOTRAN-8'
UNION ALL SELECT NOW(),0,0,0,'ACTIVE','CEDSOTRAN-8_SALAIYUR_NAAL_ROAD','SALAIYUR NAAL ROAD',9,NOW(),route_id FROM route WHERE route_code='CEDSOTRAN-8'
UNION ALL SELECT NOW(),0,0,0,'ACTIVE','CEDSOTRAN-8_SITHAMARA_NAAL_ROAD','SITHAMARA NAAL ROAD',10,NOW(),route_id FROM route WHERE route_code='CEDSOTRAN-8'
UNION ALL SELECT NOW(),0,0,0,'ACTIVE','CEDSOTRAN-8_ANJINEYAR_KOYIL','ANJINEYAR KOYIL',11,NOW(),route_id FROM route WHERE route_code='CEDSOTRAN-8'
UNION ALL SELECT NOW(),0,0,0,'ACTIVE','CEDSOTRAN-8_SENAN_KOTTAI','SENAN KOTTAI',12,NOW(),route_id FROM route WHERE route_code='CEDSOTRAN-8'
UNION ALL SELECT NOW(),0,0,0,'ACTIVE','CEDSOTRAN-8_E_B_OFFICE','E.B OFFICE',13,NOW(),route_id FROM route WHERE route_code='CEDSOTRAN-8'
UNION ALL SELECT NOW(),0,0,0,'ACTIVE','CEDSOTRAN-8_AYYANARKOYIL','AYYANARKOYIL',14,NOW(),route_id FROM route WHERE route_code='CEDSOTRAN-8'
UNION ALL SELECT NOW(),0,0,0,'ACTIVE','CEDSOTRAN-8_ATHUMEDU','ATHUMEDU',15,NOW(),route_id FROM route WHERE route_code='CEDSOTRAN-8'
UNION ALL SELECT NOW(),0,0,0,'ACTIVE','CEDSOTRAN-8_VEDASANDUR','VEDASANDUR',16,NOW(),route_id FROM route WHERE route_code='CEDSOTRAN-8';

-- ROUTE 9
INSERT INTO route_stop
(created_at, distance_from_source, latitude, longitude, status, stop_code, stop_name, stop_order, updated_at, route_id)
SELECT NOW(),0,0,0,'ACTIVE','CEDSOTRAN-9_ODC_BUS_STAND','ODC BUS STAND',1,NOW(),route_id FROM route WHERE route_code='CEDSOTRAN-9'
UNION ALL SELECT NOW(),0,0,0,'ACTIVE','CEDSOTRAN-9_KULANDHAI_VELAPPAR_KOYIL','KULANDHAI VELAPPAR KOYIL',2,NOW(),route_id FROM route WHERE route_code='CEDSOTRAN-9'
UNION ALL SELECT NOW(),0,0,0,'ACTIVE','CEDSOTRAN-9_ARASUPILLAIPATTI_PIRIVU','ARASUPILLAIPATTI(PIRIVU)',3,NOW(),route_id FROM route WHERE route_code='CEDSOTRAN-9'
UNION ALL SELECT NOW(),0,0,0,'ACTIVE','CEDSOTRAN-9_SAMIYARPUDHUR','SAMIYARPUDHUR',4,NOW(),route_id FROM route WHERE route_code='CEDSOTRAN-9'
UNION ALL SELECT NOW(),0,0,0,'ACTIVE','CEDSOTRAN-9_VIRUPATCHI','VIRUPATCHI',5,NOW(),route_id FROM route WHERE route_code='CEDSOTRAN-9'
UNION ALL SELECT NOW(),0,0,0,'ACTIVE','CEDSOTRAN-9_VAIKAPALAM','VAIKAPALAM',6,NOW(),route_id FROM route WHERE route_code='CEDSOTRAN-9'
UNION ALL SELECT NOW(),0,0,0,'ACTIVE','CEDSOTRAN-9_SAMATHUVAPURAM','SAMATHUVAPURAM',7,NOW(),route_id FROM route WHERE route_code='CEDSOTRAN-9'
UNION ALL SELECT NOW(),0,0,0,'ACTIVE','CEDSOTRAN-9_VEERALAPATTI_PIRIVU','VEERALAPATTI (PIRIVU)',8,NOW(),route_id FROM route WHERE route_code='CEDSOTRAN-9'
UNION ALL SELECT NOW(),0,0,0,'ACTIVE','CEDSOTRAN-9_ANNUPATTI_PIRIVU','ANNUPATTI (PIRIVU)',9,NOW(),route_id FROM route WHERE route_code='CEDSOTRAN-9'
UNION ALL SELECT NOW(),0,0,0,'ACTIVE','CEDSOTRAN-9_GOPALAPURAM','GOPALAPURAM',10,NOW(),route_id FROM route WHERE route_code='CEDSOTRAN-9'
UNION ALL SELECT NOW(),0,0,0,'ACTIVE','CEDSOTRAN-9_CHATRAPATTY','CHATRAPATTY',11,NOW(),route_id FROM route WHERE route_code='CEDSOTRAN-9'
UNION ALL SELECT NOW(),0,0,0,'ACTIVE','CEDSOTRAN-9_MATTUPATHAI','MATTUPATHAI',12,NOW(),route_id FROM route WHERE route_code='CEDSOTRAN-9'
UNION ALL SELECT NOW(),0,0,0,'ACTIVE','CEDSOTRAN-9_CHINDHALAVADAMPATTI','CHINDHALAVADAMPATTI',13,NOW(),route_id FROM route WHERE route_code='CEDSOTRAN-9'
UNION ALL SELECT NOW(),0,0,0,'ACTIVE','CEDSOTRAN-9_KANAKKANPATTY','KANAKKANPATTY',14,NOW(),route_id FROM route WHERE route_code='CEDSOTRAN-9'
UNION ALL SELECT NOW(),0,0,0,'ACTIVE','CEDSOTRAN-9_PACHALANAYAKANPATTI','PACHALANAYAKANPATTI',15,NOW(),route_id FROM route WHERE route_code='CEDSOTRAN-9'
UNION ALL SELECT NOW(),0,0,0,'ACTIVE','CEDSOTRAN-9_OLD_AYAKUDI','OLD-AYAKUDI',16,NOW(),route_id FROM route WHERE route_code='CEDSOTRAN-9'
UNION ALL SELECT NOW(),0,0,0,'ACTIVE','CEDSOTRAN-9_NEW_AYAKUDI','NEW-AYAKUDI',17,NOW(),route_id FROM route WHERE route_code='CEDSOTRAN-9'
UNION ALL SELECT NOW(),0,0,0,'ACTIVE','CEDSOTRAN-9_OVULAPURAM','OVULAPURAM',18,NOW(),route_id FROM route WHERE route_code='CEDSOTRAN-9'
UNION ALL SELECT NOW(),0,0,0,'ACTIVE','CEDSOTRAN-9_ITO_SCHOOL','ITO SCHOOL',19,NOW(),route_id FROM route WHERE route_code='CEDSOTRAN-9'
UNION ALL SELECT NOW(),0,0,0,'ACTIVE','CEDSOTRAN-9_HOUSING_BOARD','HOUSING BOARD',20,NOW(),route_id FROM route WHERE route_code='CEDSOTRAN-9'
UNION ALL SELECT NOW(),0,0,0,'ACTIVE','CEDSOTRAN-9_THIRU_NAGAR_RTO_OFFICE','THIRU NAGAR(RTO OFFICE)',21,NOW(),route_id FROM route WHERE route_code='CEDSOTRAN-9'
UNION ALL SELECT NOW(),0,0,0,'ACTIVE','CEDSOTRAN-9_ABA_COLLEGE','ABA COLLEGE',22,NOW(),route_id FROM route WHERE route_code='CEDSOTRAN-9'
UNION ALL SELECT NOW(),0,0,0,'ACTIVE','CEDSOTRAN-9_T_B','T.B.',23,NOW(),route_id FROM route WHERE route_code='CEDSOTRAN-9'
UNION ALL SELECT NOW(),0,0,0,'ACTIVE','CEDSOTRAN-9_PALANI_BUS_STAND','PALANI BUS STAND',24,NOW(),route_id FROM route WHERE route_code='CEDSOTRAN-9'
UNION ALL SELECT NOW(),0,0,0,'ACTIVE','CEDSOTRAN-9_RAMANATHAN_NAGAR','RAMANATHAN NAGAR',25,NOW(),route_id FROM route WHERE route_code='CEDSOTRAN-9'
UNION ALL SELECT NOW(),0,0,0,'ACTIVE','CEDSOTRAN-9_BALASAMUTHIRAM','BALASAMUTHIRAM',26,NOW(),route_id FROM route WHERE route_code='CEDSOTRAN-9';

-- ROUTE 10
INSERT INTO route_stop
(created_at, distance_from_source, latitude, longitude, status, stop_code, stop_name, stop_order, updated_at, route_id)
SELECT NOW(),0,0,0,'ACTIVE','CEDSOTRAN-10_ODC_BUS_STAND','ODC BUS STAND',1,NOW(),route_id FROM route WHERE route_code='CEDSOTRAN-10'
UNION ALL SELECT NOW(),0,0,0,'ACTIVE','CEDSOTRAN-10_KULANDHAI_VELAPPAR_KOYIL','KULANDHAI VELAPPAR KOYIL',2,NOW(),route_id FROM route WHERE route_code='CEDSOTRAN-10'
UNION ALL SELECT NOW(),0,0,0,'ACTIVE','CEDSOTRAN-10_ARASUPILLAIPATTI_PIRIVU','ARASUPILLAIPATTI(PIRIVU)',3,NOW(),route_id FROM route WHERE route_code='CEDSOTRAN-10'
UNION ALL SELECT NOW(),0,0,0,'ACTIVE','CEDSOTRAN-10_SAMIYARPUDHUR','SAMIYARPUDHUR',4,NOW(),route_id FROM route WHERE route_code='CEDSOTRAN-10'
UNION ALL SELECT NOW(),0,0,0,'ACTIVE','CEDSOTRAN-10_VIRUPATCHI','VIRUPATCHI',5,NOW(),route_id FROM route WHERE route_code='CEDSOTRAN-10'
UNION ALL SELECT NOW(),0,0,0,'ACTIVE','CEDSOTRAN-10_VAIKAPALAM','VAIKAPALAM',6,NOW(),route_id FROM route WHERE route_code='CEDSOTRAN-10'
UNION ALL SELECT NOW(),0,0,0,'ACTIVE','CEDSOTRAN-10_SAMATHUVAPURAM','SAMATHUVAPURAM',7,NOW(),route_id FROM route WHERE route_code='CEDSOTRAN-10'
UNION ALL SELECT NOW(),0,0,0,'ACTIVE','CEDSOTRAN-10_VEERALAPATTI_PIRIVU','VEERALAPATTI (PIRIVU)',8,NOW(),route_id FROM route WHERE route_code='CEDSOTRAN-10'
UNION ALL SELECT NOW(),0,0,0,'ACTIVE','CEDSOTRAN-10_ANNUPATTI_PIRIVU','ANNUPATTI (PIRIVU)',9,NOW(),route_id FROM route WHERE route_code='CEDSOTRAN-10'
UNION ALL SELECT NOW(),0,0,0,'ACTIVE','CEDSOTRAN-10_GOPALAPURAM','GOPALAPURAM',10,NOW(),route_id FROM route WHERE route_code='CEDSOTRAN-10'
UNION ALL SELECT NOW(),0,0,0,'ACTIVE','CEDSOTRAN-10_CHATRAPATTY','CHATRAPATTY',11,NOW(),route_id FROM route WHERE route_code='CEDSOTRAN-10'
UNION ALL SELECT NOW(),0,0,0,'ACTIVE','CEDSOTRAN-10_MATTUPATHAI','MATTUPATHAI',12,NOW(),route_id FROM route WHERE route_code='CEDSOTRAN-10'
UNION ALL SELECT NOW(),0,0,0,'ACTIVE','CEDSOTRAN-10_CHINDHALAVADAMPATTI','CHINDHALAVADAMPATTI',13,NOW(),route_id FROM route WHERE route_code='CEDSOTRAN-10'
UNION ALL SELECT NOW(),0,0,0,'ACTIVE','CEDSOTRAN-10_KANAKKANPATTY','KANAKKANPATTY',14,NOW(),route_id FROM route WHERE route_code='CEDSOTRAN-10'
UNION ALL SELECT NOW(),0,0,0,'ACTIVE','CEDSOTRAN-10_PACHALANAYAKANPATTI','PACHALANAYAKANPATTI',15,NOW(),route_id FROM route WHERE route_code='CEDSOTRAN-10'
UNION ALL SELECT NOW(),0,0,0,'ACTIVE','CEDSOTRAN-10_OLD_AYAKUDI','OLD-AYAKUDI',16,NOW(),route_id FROM route WHERE route_code='CEDSOTRAN-10'
UNION ALL SELECT NOW(),0,0,0,'ACTIVE','CEDSOTRAN-10_NEW_AYAKUDI','NEW-AYAKUDI',17,NOW(),route_id FROM route WHERE route_code='CEDSOTRAN-10'
UNION ALL SELECT NOW(),0,0,0,'ACTIVE','CEDSOTRAN-10_OVULAPURAM','OVULAPURAM',18,NOW(),route_id FROM route WHERE route_code='CEDSOTRAN-10'
UNION ALL SELECT NOW(),0,0,0,'ACTIVE','CEDSOTRAN-10_ITO_SCHOOL','ITO SCHOOL',19,NOW(),route_id FROM route WHERE route_code='CEDSOTRAN-10'
UNION ALL SELECT NOW(),0,0,0,'ACTIVE','CEDSOTRAN-10_HOUSING_BOARD','HOUSING BOARD',20,NOW(),route_id FROM route WHERE route_code='CEDSOTRAN-10'
UNION ALL SELECT NOW(),0,0,0,'ACTIVE','CEDSOTRAN-10_THIRU_NAGAR_RTO_OFFICE','THIRU NAGAR(RTO OFFICE)',21,NOW(),route_id FROM route WHERE route_code='CEDSOTRAN-10'
UNION ALL SELECT NOW(),0,0,0,'ACTIVE','CEDSOTRAN-10_ABA_COLLEGE','ABA COLLEGE',22,NOW(),route_id FROM route WHERE route_code='CEDSOTRAN-10'
UNION ALL SELECT NOW(),0,0,0,'ACTIVE','CEDSOTRAN-10_T_B','T.B.',23,NOW(),route_id FROM route WHERE route_code='CEDSOTRAN-10'
UNION ALL SELECT NOW(),0,0,0,'ACTIVE','CEDSOTRAN-10_PALANI_BUS_STAND','PALANI BUS STAND',24,NOW(),route_id FROM route WHERE route_code='CEDSOTRAN-10'
UNION ALL SELECT NOW(),0,0,0,'ACTIVE','CEDSOTRAN-10_R_NAAL_ROAD','R NAAL ROAD',25,NOW(),route_id FROM route WHERE route_code='CEDSOTRAN-10'
UNION ALL SELECT NOW(),0,0,0,'ACTIVE','CEDSOTRAN-10_PALARU_MILL','PALARU MILL',26,NOW(),route_id FROM route WHERE route_code='CEDSOTRAN-10'
UNION ALL SELECT NOW(),0,0,0,'ACTIVE','CEDSOTRAN-10_KAARAMADAI','KAARAMADAI',27,NOW(),route_id FROM route WHERE route_code='CEDSOTRAN-10'
UNION ALL SELECT NOW(),0,0,0,'ACTIVE','CEDSOTRAN-10_VANDIVAIKAL','VANDIVAIKAL',28,NOW(),route_id FROM route WHERE route_code='CEDSOTRAN-10'
UNION ALL SELECT NOW(),0,0,0,'ACTIVE','CEDSOTRAN-10_ALAGAPURI','ALAGAPURI',29,NOW(),route_id FROM route WHERE route_code='CEDSOTRAN-10'
UNION ALL SELECT NOW(),0,0,0,'ACTIVE','CEDSOTRAN-10_NEIKARAPATTI','NEIKARAPATTI',30,NOW(),route_id FROM route WHERE route_code='CEDSOTRAN-10'
UNION ALL SELECT NOW(),0,0,0,'ACTIVE','CEDSOTRAN-10_AKKAVANAYAN_PUDHUR','AKKAVANAYAN PUDHUR',31,NOW(),route_id FROM route WHERE route_code='CEDSOTRAN-10'
UNION ALL SELECT NOW(),0,0,0,'ACTIVE','CEDSOTRAN-10_KARADI_KOOTAM','KARADI KOOTAM',32,NOW(),route_id FROM route WHERE route_code='CEDSOTRAN-10'
UNION ALL SELECT NOW(),0,0,0,'ACTIVE','CEDSOTRAN-10_VADIPATTI','VADIPATTI',33,NOW(),route_id FROM route WHERE route_code='CEDSOTRAN-10'
UNION ALL SELECT NOW(),0,0,0,'ACTIVE','CEDSOTRAN-10_PAPPAMPATTI','PAPPAMPATTI',34,NOW(),route_id FROM route WHERE route_code='CEDSOTRAN-10';

-- ROUTE 11
INSERT INTO route_stop
(created_at, distance_from_source, latitude, longitude, status, stop_code, stop_name, stop_order, updated_at, route_id)
SELECT NOW(),0,0,0,'ACTIVE','CEDSOTRAN-11_ODC_BUS_STAND','ODC BUS STAND',1,NOW(),route_id FROM route WHERE route_code='CEDSOTRAN-11'
UNION ALL SELECT NOW(),0,0,0,'ACTIVE','CEDSOTRAN-11_KULANDHAI_VELAPPAR_KOYIL','KULANDHAI VELAPPAR KOYIL',2,NOW(),route_id FROM route WHERE route_code='CEDSOTRAN-11'
UNION ALL SELECT NOW(),0,0,0,'ACTIVE','CEDSOTRAN-11_ARASUPILLAIPATTI_PIRIVU','ARASUPILLAIPATTI(PIRIVU)',3,NOW(),route_id FROM route WHERE route_code='CEDSOTRAN-11'
UNION ALL SELECT NOW(),0,0,0,'ACTIVE','CEDSOTRAN-11_SAMIYARPUDHUR','SAMIYARPUDHUR',4,NOW(),route_id FROM route WHERE route_code='CEDSOTRAN-11'
UNION ALL SELECT NOW(),0,0,0,'ACTIVE','CEDSOTRAN-11_VIRUPATCHI','VIRUPATCHI',5,NOW(),route_id FROM route WHERE route_code='CEDSOTRAN-11'
UNION ALL SELECT NOW(),0,0,0,'ACTIVE','CEDSOTRAN-11_VAIKAPALAM','VAIKAPALAM',6,NOW(),route_id FROM route WHERE route_code='CEDSOTRAN-11'
UNION ALL SELECT NOW(),0,0,0,'ACTIVE','CEDSOTRAN-11_SAMATHUVAPURAM','SAMATHUVAPURAM',7,NOW(),route_id FROM route WHERE route_code='CEDSOTRAN-11'
UNION ALL SELECT NOW(),0,0,0,'ACTIVE','CEDSOTRAN-11_VEERALAPATTI_PIRIVU','VEERALAPATTI (PIRIVU)',8,NOW(),route_id FROM route WHERE route_code='CEDSOTRAN-11'
UNION ALL SELECT NOW(),0,0,0,'ACTIVE','CEDSOTRAN-11_ANNUPATTI_PIRIVU','ANNUPATTI (PIRIVU)',9,NOW(),route_id FROM route WHERE route_code='CEDSOTRAN-11'
UNION ALL SELECT NOW(),0,0,0,'ACTIVE','CEDSOTRAN-11_GOPALAPURAM','GOPALAPURAM',10,NOW(),route_id FROM route WHERE route_code='CEDSOTRAN-11'
UNION ALL SELECT NOW(),0,0,0,'ACTIVE','CEDSOTRAN-11_CHATRAPATTY','CHATRAPATTY',11,NOW(),route_id FROM route WHERE route_code='CEDSOTRAN-11'
UNION ALL SELECT NOW(),0,0,0,'ACTIVE','CEDSOTRAN-11_MATTUPATHAI','MATTUPATHAI',12,NOW(),route_id FROM route WHERE route_code='CEDSOTRAN-11'
UNION ALL SELECT NOW(),0,0,0,'ACTIVE','CEDSOTRAN-11_CHINDHALAVADAMPATTI','CHINDHALAVADAMPATTI',13,NOW(),route_id FROM route WHERE route_code='CEDSOTRAN-11'
UNION ALL SELECT NOW(),0,0,0,'ACTIVE','CEDSOTRAN-11_KANAKKANPATTY','KANAKKANPATTY',14,NOW(),route_id FROM route WHERE route_code='CEDSOTRAN-11'
UNION ALL SELECT NOW(),0,0,0,'ACTIVE','CEDSOTRAN-11_PACHALANAYAKANPATTI','PACHALANAYAKANPATTI',15,NOW(),route_id FROM route WHERE route_code='CEDSOTRAN-11'
UNION ALL SELECT NOW(),0,0,0,'ACTIVE','CEDSOTRAN-11_OLD_AYAKUDI','OLD-AYAKUDI',16,NOW(),route_id FROM route WHERE route_code='CEDSOTRAN-11'
UNION ALL SELECT NOW(),0,0,0,'ACTIVE','CEDSOTRAN-11_NEW_AYAKUDI','NEW-AYAKUDI',17,NOW(),route_id FROM route WHERE route_code='CEDSOTRAN-11'
UNION ALL SELECT NOW(),0,0,0,'ACTIVE','CEDSOTRAN-11_OVULAPURAM','OVULAPURAM',18,NOW(),route_id FROM route WHERE route_code='CEDSOTRAN-11'
UNION ALL SELECT NOW(),0,0,0,'ACTIVE','CEDSOTRAN-11_ITO_SCHOOL','ITO SCHOOL',19,NOW(),route_id FROM route WHERE route_code='CEDSOTRAN-11'
UNION ALL SELECT NOW(),0,0,0,'ACTIVE','CEDSOTRAN-11_HOUSING_BOARD','HOUSING BOARD',20,NOW(),route_id FROM route WHERE route_code='CEDSOTRAN-11'
UNION ALL SELECT NOW(),0,0,0,'ACTIVE','CEDSOTRAN-11_THIRU_NAGAR_RTO_OFFICE','THIRU NAGAR(RTO OFFICE)',21,NOW(),route_id FROM route WHERE route_code='CEDSOTRAN-11'
UNION ALL SELECT NOW(),0,0,0,'ACTIVE','CEDSOTRAN-11_ABA_COLLEGE','ABA COLLEGE',22,NOW(),route_id FROM route WHERE route_code='CEDSOTRAN-11'
UNION ALL SELECT NOW(),0,0,0,'ACTIVE','CEDSOTRAN-11_T_B','T.B.',23,NOW(),route_id FROM route WHERE route_code='CEDSOTRAN-11'
UNION ALL SELECT NOW(),0,0,0,'ACTIVE','CEDSOTRAN-11_PALANI_BUS_STAND','PALANI BUS STAND',24,NOW(),route_id FROM route WHERE route_code='CEDSOTRAN-11';

-- ROUTE 12
INSERT INTO route_stop
(created_at, distance_from_source, latitude, longitude, status, stop_code, stop_name, stop_order, updated_at, route_id)
SELECT NOW(),0,0,0,'ACTIVE','CEDSOTRAN-12_ATTICOMBAI','ATTICOMBAI',1,NOW(),route_id FROM route WHERE route_code='CEDSOTRAN-12'
UNION ALL SELECT NOW(),0,0,0,'ACTIVE','CEDSOTRAN-12_LAKKAYANKOTTAI','LAKKAYANKOTTAI',2,NOW(),route_id FROM route WHERE route_code='CEDSOTRAN-12'
UNION ALL SELECT NOW(),0,0,0,'ACTIVE','CEDSOTRAN-12_PUDHUCHATRAM','PUDHUCHATRAM',3,NOW(),route_id FROM route WHERE route_code='CEDSOTRAN-12'
UNION ALL SELECT NOW(),0,0,0,'ACTIVE','CEDSOTRAN-12_ETTAMANAYAKKANPATTI','ETTAMANAYAKKANPATTI',4,NOW(),route_id FROM route WHERE route_code='CEDSOTRAN-12'
UNION ALL SELECT NOW(),0,0,0,'ACTIVE','CEDSOTRAN-12_KUMARAPALAYAM','KUMARAPALAYAM',5,NOW(),route_id FROM route WHERE route_code='CEDSOTRAN-12'
UNION ALL SELECT NOW(),0,0,0,'ACTIVE','CEDSOTRAN-12_ERATTAIVENGAMARAM','ERATTAIVENGAMARAM',6,NOW(),route_id FROM route WHERE route_code='CEDSOTRAN-12'
UNION ALL SELECT NOW(),0,0,0,'ACTIVE','CEDSOTRAN-12_THIRUMALARAMAPURAM','THIRUMALARAMAPURAM',7,NOW(),route_id FROM route WHERE route_code='CEDSOTRAN-12'
UNION ALL SELECT NOW(),0,0,0,'ACTIVE','CEDSOTRAN-12_SHRIRAMAPURAM','SHRIRAMAPURAM',8,NOW(),route_id FROM route WHERE route_code='CEDSOTRAN-12'
UNION ALL SELECT NOW(),0,0,0,'ACTIVE','CEDSOTRAN-12_KARIPATTI','KARIPATTI',9,NOW(),route_id FROM route WHERE route_code='CEDSOTRAN-12'
UNION ALL SELECT NOW(),0,0,0,'ACTIVE','CEDSOTRAN-12_VELLAIMARATHUPATTI','VELLAIMARATHUPATTI',10,NOW(),route_id FROM route WHERE route_code='CEDSOTRAN-12'
UNION ALL SELECT NOW(),0,0,0,'ACTIVE','CEDSOTRAN-12_PANNAPATTI','PANNAPATTI',11,NOW(),route_id FROM route WHERE route_code='CEDSOTRAN-12'
UNION ALL SELECT NOW(),0,0,0,'ACTIVE','CEDSOTRAN-12_PUDHUROAD','PUDHUROAD',12,NOW(),route_id FROM route WHERE route_code='CEDSOTRAN-12'
UNION ALL SELECT NOW(),0,0,0,'ACTIVE','CEDSOTRAN-12_AANDAARASANPATTI','AANDAARASANPATTI',13,NOW(),route_id FROM route WHERE route_code='CEDSOTRAN-12'
UNION ALL SELECT NOW(),0,0,0,'ACTIVE','CEDSOTRAN-12_THETHUPATTI','THETHUPATTI',14,NOW(),route_id FROM route WHERE route_code='CEDSOTRAN-12'
UNION ALL SELECT NOW(),0,0,0,'ACTIVE','CEDSOTRAN-12_KANNIVAADI','KANNIVAADI',15,NOW(),route_id FROM route WHERE route_code='CEDSOTRAN-12'
UNION ALL SELECT NOW(),0,0,0,'ACTIVE','CEDSOTRAN-12_VEPPAMARAM','VEPPAMARAM',16,NOW(),route_id FROM route WHERE route_code='CEDSOTRAN-12'
UNION ALL SELECT NOW(),0,0,0,'ACTIVE','CEDSOTRAN-12_AALATTOPUDHUR','AALATTOPUDHUR',17,NOW(),route_id FROM route WHERE route_code='CEDSOTRAN-12'
UNION ALL SELECT NOW(),0,0,0,'ACTIVE','CEDSOTRAN-12_KUYYAVANAYAKKANPATTI','KUYYAVANAYAKKANPATTI',18,NOW(),route_id FROM route WHERE route_code='CEDSOTRAN-12'
UNION ALL SELECT NOW(),0,0,0,'ACTIVE','CEDSOTRAN-12_GOVINDHAPURAM','GOVINDHAPURAM',19,NOW(),route_id FROM route WHERE route_code='CEDSOTRAN-12'
UNION ALL SELECT NOW(),0,0,0,'ACTIVE','CEDSOTRAN-12_KARAMADAI','KARAMADAI',20,NOW(),route_id FROM route WHERE route_code='CEDSOTRAN-12'
UNION ALL SELECT NOW(),0,0,0,'ACTIVE','CEDSOTRAN-12_DHARUMATHUPATTY','DHARUMATHUPATTY',21,NOW(),route_id FROM route WHERE route_code='CEDSOTRAN-12';

-- =========================================================
-- DRIVER MASTER DATA
-- =========================================================

-- ADDRESS
INSERT INTO address (address_id, city, country, door_number, pincode, state, street) VALUES
(1,'DINDIGUL','India','3/23 COLONY','624622','Tamil Nadu','REDDIYARCHATRAM'),
(2,'DINDIGUL','India','4/294','624622','Tamil Nadu','SRI RANGAN GAGOUNDAM PUDUR'),
(3,'ODDANCHATRAM','India','272/2','624705','Tamil Nadu','PALAKANUTHU'),
(4,'KUDIYIRUPPU','India','272/2','624619','Tamil Nadu','INTHANA NAAR'),
(5,'DINDIGUL','India','3/353','624622','Tamil Nadu','ODDANCHATRAM'),
(6,'DINDIGUL','India','42/185','624622','Tamil Nadu','PALANI RD'),
(7,'PACHAMALAYAM','India','2/416','624707','Tamil Nadu','KETHAYAGOUNDARPATTI'),
(8,'DINDIGUL','India','42/3','624622','Tamil Nadu','PUDUCHATRAM'),
(9,'DHARMATHUPATTY','India','9/63','624705','Tamil Nadu','PALAIYAKANMAIVADI'),
(10,'DINDIGUL','India','1211/59','624705','Tamil Nadu','REDDIYARPATTI'),
(11,'ODDANCHATRAM','India','2/54','624614','Tamil Nadu','ARASAPALLAIPATTY'),
(12,'ODDANCHATRAM','India','2/72','624614','Tamil Nadu','CHATRAPATTI'),
(13,'ODDANCHATRAM','India','4/102B','624614','Tamil Nadu','MANJANAIKENPATTI'),
(14,'DINDIGUL','India','BALAJINAGAR','624002','Tamil Nadu','KOTTAPATTI');

-- CONTACT
INSERT INTO contact (id, email, emergency_contact_name, emergency_contact_number, primary_mobile) VALUES
(1,NULL,'RAJAMMAL MOTHER','9655750577','9655750574'),
(2,NULL,'MANI MAGALAI WIFE','9842304331','9965773288'),
(3,NULL,'PONNAMMAL WIFE','9159627250','9159627250'),
(4,NULL,'SUHAIYAN FATHER','9787460083','9787460083'),
(5,NULL,'SITHALAKSHMI WIFE','6374515750','6374515750'),
(6,NULL,'N UMA WIFE','9095316438','9095316438'),
(7,NULL,'M JAYANTHI WIFE','8220085087','9442909087'),
(8,NULL,'THILAGAVATHI WIFE','8610193676','9943595119'),
(9,'murugavel20397@gmail.com','MOORTHY FATHER','9384505289','9384505289'),
(10,NULL,'K LATHA WIFE','9385633785','6380654990'),
(11,NULL,'THIRUMATHA MOTHER','9942781108','9942781108'),
(12,NULL,'S SULASNA WIFE','8760603667','8760603668'),
(13,NULL,'P RAJEWARI WIFE','9566431040','8903581040'),
(14,NULL,'PALANIAMMAL WIFE','9159899194','9626554969');

-- PERSON
INSERT INTO person 
(person_id, aadhaar_number, blood_group, created_at, date_of_birth, first_name, gender, last_name, pan_number, photo_url, updated_at, address_id, contact_id)
VALUES
(1,'981320876519','A_POSITIVE',NOW(),'1996-06-07','MOORTHY','MALE','MURUGAN','4ZYPM6194Q',NULL,NOW(),1,1),
(2,'861975314885','O_POSITIVE',NOW(),'1967-08-18','AARMUGAM','MALE','KANDASWAMY',NULL,NULL,NOW(),2,2),
(3,'801162843835','O_NEGATIVE',NOW(),'1969-07-15','DHANDAPANI','MALE','KANDASWAMY','BINPT5557K',NULL,NOW(),3,3),
(4,'867530751070','B_POSITIVE',NOW(),'1985-06-10','DEVRAJ','MALE','SUHAIYAN','DINPD2871Q',NULL,NOW(),4,4),
(5,'566262887937','B_POSITIVE',NOW(),'1964-07-01','VEERASAMY','MALE','RAMASWAMY','AKMPV0117C',NULL,NOW(),5,5),
(6,'289610650686','O_POSITIVE',NOW(),'1974-06-13','NAGARAJ','MALE','DURAISAMY','BLOPN7061N',NULL,NOW(),6,6),
(7,'415891237351','AB_POSITIVE',NOW(),'1985-06-02','MARIMUTHU','MALE','CHENNASUPPAN','CVRPM3589A',NULL,NOW(),7,7),
(8,'497206816885','B_POSITIVE',NOW(),'1975-05-17','SAVADAMUTHU','MALE','S','BPKMP8864M',NULL,NOW(),8,8),
(9,'866472435095','O_POSITIVE',NOW(),'1997-03-20','MURUGAVEL','MALE','MOORTHY','ASWER2345M',NULL,NOW(),9,9),
(10,'618972545439','B_POSITIVE',NOW(),'1971-05-16','KANAGARAJ','MALE','KANTHASAMY','CNIPK0475L',NULL,NOW(),10,10),
(11,'451118075397','A_POSITIVE',NOW(),'1981-05-07','KANNAN','MALE','KALAIYAPPAN',NULL,NULL,NOW(),11,11),
(12,'678748371146','O_NEGATIVE',NOW(),'1959-11-12','SELVARAJ','MALE','RAMASAMY','HKYPS9748J',NULL,NOW(),12,12),
(13,'542727299004','A_POSITIVE',NOW(),'1974-05-14','PALANISAMY','MALE','MURUGASAN','DULPP6022D',NULL,NOW(),13,13),
(14,'534166214394','B_NEGATIVE',NOW(),'1995-04-09','RAJAGOPAL','MALE','KRISHNAN','BDXPR8254R',NULL,NOW(),14,14);

-- DRIVER
INSERT INTO driver 
(driver_id, created_at, license_expiry, license_number, status, updated_at, user_id, version, person_id)
VALUES
(1,NOW(),'2037-10-26','TN5720170008002','ACTIVE',NOW(),57,1,1),
(2,NOW(),'2028-09-02','TN57219871000873','ACTIVE',NOW(),58,1,2),
(3,NOW(),'2027-04-17','TN579970003650','ACTIVE',NOW(),59,1,3),
(4,NOW(),'2030-12-22','TN5720050006002','ACTIVE',NOW(),61,1,4),
(5,NOW(),'2027-04-27','TN5919840004908','ACTIVE',NOW(),60,1,5),
(6,NOW(),'2030-08-24','TN57219260000622','ACTIVE',NOW(),62,1,6),
(7,NOW(),'2028-03-26','TN5720080000590','ACTIVE',NOW(),63,1,7),
(8,NOW(),'2026-04-16','TN5719970000262','ACTIVE',NOW(),66,1,8),
(9,NOW(),'2029-07-07','TN5720150004292','ACTIVE',NOW(),64,1,9),
(10,NOW(),'2030-09-24','TN5719900000804','ACTIVE',NOW(),69,1,10),
(11,NOW(),'2030-02-11','TN57220000000588','ACTIVE',NOW(),68,1,11),
(12,NOW(),'2029-11-04','TN3319830002693','ACTIVE',NOW(),70,1,12),
(13,NOW(),'2031-01-11','TN57219960000181','ACTIVE',NOW(),67,1,13),
(14,NOW(),'2029-04-28','TN5719740000055','ACTIVE',NOW(),65,1,14);

-- =========================================================
-- BUS DATA
-- =========================================================
INSERT INTO bus 
(bus_id, bus_number, capacity, created_at, reg_number, status, updated_at, gps_id)
VALUES
(1,'BUS-001',61,NOW(),'TN-57-V-7653','INACTIVE',NOW(),NULL),
(2,'BUS-002',59,NOW(),'TN-20-BB-7557','ACTIVE',NOW(),NULL),
(3,'BUS-003',42,NOW(),'TN-57-R-3594','ACTIVE',NOW(),NULL),
(4,'BUS-004',61,NOW(),'TN-64-B-2075','ACTIVE',NOW(),NULL),
(5,'BUS-005',61,NOW(),'TN-22-BR-6851','ACTIVE',NOW(),NULL),
(6,'BUS-006',67,NOW(),'TN-22-BR-6494','ACTIVE',NOW(),NULL),
(7,'BUS-007',42,NOW(),'TN-57-R-3823','ACTIVE',NOW(),NULL),
(8,'BUS-008',57,NOW(),'TN-57-E-4998','ACTIVE',NOW(),NULL),
(9,'BUS-009',61,NOW(),'TN-39-S-0301','ACTIVE',NOW(),NULL),
(10,'BUS-010',67,NOW(),'TN-69-Q-5190','ACTIVE',NOW(),NULL),
(11,'BUS-011',62,NOW(),'TN-63-R-2122','ACTIVE',NOW(),NULL),
(12,'BUS-012',61,NOW(),'TN-64-A-1960','ACTIVE',NOW(),NULL);

COMMIT;